Threads,Orders,TotalTime_s,Throughput_orders_per_s,AvgLatency_us
1,10000,0.00236636,4.2259e+06,0.236636
2,20000,0.0162399,1.23153e+06,0.811996
4,40000,0.0546753,731591,1.36688
8,80000,0.179409,445908,2.24261
16,160000,0.540124,296228,3.37577
32,320000,1.22944,260282,3.84199
64,640000,2.64907,241594,4.13917
